id,F Name,M Name,L Name,Address,City,State,ZipCode,Phone #,Cell #,Pay Rate,Years w/,Work Assignment,Work Position,UserName,Password
0,admin,null,admin,null,null,null,0,0,0,0,0,null,6,admin,admin
1,nathan,null,eheart,null,null,null,0,0,0,0,0,null,6,nathan,eheart
2,sebastian,null,leal,null,null,null,0,0,0,0,0,null,6,sebastian,leal
3,xander,null,voigt,null,null,null,0,0,0,0,0,null,6,xander,voigt
4,scott,null,weir,null,null,null,0,0,0,0,0,null,6,scott,weir
5,chris,null,gardner,null,null,null,0,0,0,0,0,null,6,chris,gardner
69491,Liam,Ace,Smith,4 Main Street,Katy,Texas,77494,3648750730,3648750730,37000,21,null,5,Liam,Smith
89069,Noah,August,Johnson,2 Church Street,Katy,Texas,77494,8088809333,8088809333,35000,5,null,2,Noah,Johnson
41931,Oliver,Calvin,Williams,6 Main Street,Corona,Texas,11368,9645677471,9645677471,59000,8,null,1,Oliver,Williams
81755,Elijah,Clyde,Brown,7 Main Street,El Paso,Texas,79936,6333951358,6333951358,68000,15,null,1,Elijah,Brown
24017,William,Gus,Jones,8 Elm Street,Los Angeles,California,90011,3235313750,3235313750,54000,25,null,4,William,Jones
98525,James,Hank,Garcia,3 High Street,Chicago,Illinois,60629,5377558605,5377558605,50000,23,null,1,James,Garcia
72455,Benjamin,Hugh,Miller,4 Main Street,Frisco,California,75034,5658788564,5658788564,65000,16,null,1,Benjamin,Miller
18770,Lucas,Jude,Davis,7 Washington Street,Ridgewood,California,11385,7730417115,7730417115,42000,8,null,1,Lucas,Davis
30815,Henry,Louis,Rodriguez,9 Main Street,Houston,Texas,77084,9363086117,9363086117,34000,17,null,3,Henry,Rodriguez
21113,Alexander,Otis,Martinez,3 Park Avenue,Pacoima,California,91331,8129217677,8129217677,87000,8,null,4,Alexander,Martinez
19389,Mason,Otto,Hernandez,7 2nd Street,Norwalk,Virgina,90650,1052430797,1052430797,16000,10,null,2,Mason,Hernandez
89877,Michael,Theo,Lopez,5 Walnut Street,McKinney,Virgina,75070,6982875359,6982875359,29000,22,null,4,Michael,Lopez
12404,Ethan,Walter,Gonzales,3 Chestnut Street,Brooklyn,New York,11211,6620669953,6620669953,31000,14,null,1,Ethan,Gonzales
85364,Daniel,Beckham,Wilson,2 Maple Avenue,Lakewood,California,8701,2711911020,2711911020,74000,21,null,1,Daniel,Wilson
54230,Jacob,Cooper,Anderson,6 Maple Street,Bell,Florida,90201,5913666157,5913666157,17000,18,null,1,Jacob,Anderson
85112,Logan,Ellis,Thomas,7 Broad Street,Brooklyn,New York,11208,4602184653,4602184653,87000,25,null,3,Logan,Thomas
16144,Jackson,Emerson,Taylor,9 Oak Street,Bronx,New York,10467,4285334808,4285334808,46000,22,null,1,Jackson,Taylor
30004,Levi,Fletcher,Moore,4 Center Street,Brooklyn,New York,11236,4150110493,4150110493,14000,8,null,3,Levi,Moore
30802,Sebastian,Flynn,Jackson,10 Pine Street,Brooklyn,New York,11226,6852957932,6852957932,38000,6,null,1,Sebastian,Jackson
31251,Mateo,Harrison,Martin,7 River Road,Los Angeles,California,90044,5463586771,5463586771,85000,10,null,1,Mateo,Martin
38373,Jack,Hendrix,Lee,7 Market Street,Fontana,California,92335,2658407336,2658407336,70000,7,null,1,Jack,Lee
18462,Owen,Houston,Perez,2 Water Street,Fontana,California,92336,6006412900,6006412900,38000,7,null,1,Owen,Perez
85899,Theodore,Hudson,Thompson,5 Union Street,Antioch,Maine,37013,8439812460,8439812460,11000,24,null,2,Theodore,Thompson
62920,Aiden,Lennon,White,2 South Street,Pittsburg,Pennslyvania,94565,3502598905,3502598905,27000,2,null,3,Aiden,White
76570,Samuel,Monroe,Harris,8 Park Street,Hawthorne,Connecticut,90250,3157150559,3157150559,70000,12,null,2,Samuel,Harris
50317,Joseph,Nixon,Sanchez,6 3rd Street,Long Beach,California,90805,2282398182,2282398182,52000,3,null,1,Joseph,Sanchez
59606,John,Parker,Clark,6 Washington Avenue,Riverside,Rhode Island,92503,3945605675,3945605675,82000,11,null,2,John,Clark
54282,David,Warren,Ramirez,7 Cherry Street,Grand Prairie,Texas,75052,9759468953,9759468953,14000,24,null,2,David,Ramirez
32134,Wyatt,Watson,Lewis,6 North Street,Chicago,Illinois,60618,4848994711,4848994711,39000,9,null,2,Wyatt,Lewis
91037,Matthew,Wison,Robinson,4 4th Street,South Gate,Texas,90280,3012911287,3012911287,80000,21,null,3,Matthew,Robinson
64624,Luke,Ander,Walker,8 Court Street,Sylmar,Arkansas,91342,9749547450,9749547450,22000,13,null,1,Luke,Walker
37614,Asher,Aziel,Young,2 Highland Avenue,Elmhurst,Arkansas,11373,9477410213,9477410213,79000,21,null,2,Asher,Young
47592,Carter,Dior,Allen,10 Mill Street,Sugar Land,Texas,77479,9831040422,9831040422,50000,9,null,3,Carter,Allen
75349,Julian,Jakobe,King,7 Franklin Street,Brooklyn,New York,11234,2769439509,2769439509,70000,21,null,1,Julian,King
64445,Grayson,Jaxtyn,Wright,9 Prospect Street,San Juan,Arizona,926,9842382495,9842382495,44000,23,null,1,Grayson,Wright
29911,Leo,Karsyn,Scott,7 School Street,Brooklyn,New York,11220,6070324097,6070324097,49000,10,null,1,Leo,Scott
36072,Jayden,Kenji,Torres,8 Spring Street,Bronx,New York,10456,5255917603,5255917603,45000,22,null,2,Jayden,Torres
31836,Gabriel,Kobe,Nguyen,5 Central Avenue,Brooklyn,New York,11214,2003336301,2003336301,64000,2,null,1,Gabriel,Nguyen
64248,Isaac,Kylo,Hill,10 1st Street,New York City,New York,10025,5138919421,5138919421,93000,23,null,2,Isaac,Hill
55448,Lincoln,Ocean,Flores,3 State Street,Chino,New Mexico,91710,5237275357,5237275357,44000,6,null,3,Lincoln,Flores
71206,Anthony,Truett,Green,10 Front Street,Lawrenceville,Kansas,30043,9041435699,9041435699,29000,15,null,4,Anthony,Green
12886,Hudson,Zyair,Adams,4 West Street,Pflugerville,Texas,78660,8620387742,8620387742,15000,23,null,2,Hudson,Adams
94306,Dylan,Jackson,Nelson,2 Jefferson Street,Westminster,Michigan,92683,3833671777,3833671777,78000,12,null,1,Dylan,Nelson
84178,Ezra,Levi,Baker,4 Cedar Street,Brooklyn,New York,11207,1435208501,1435208501,55000,2,null,2,Ezra,Baker
66082,Thomas,Sebastian,Hall,4 Jackson Street,Brownsville,Delaware,78521,7623668363,7623668363,51000,25,null,3,Thomas,Hall
33938,Charles,Mateo,Rivera,3 Park Place,Cypress,Oregon,77433,7359550479,7359550479,40000,13,null,1,Charles,Rivera
18786,Christopher,Jack,Campbell,8 Bridge Street,Pearland,Georgia,77584,6468279940,6468279940,89000,2,null,1,Christopher,Campbell
46380,Jaxon,Owen,Mitchell,2 Locust Street,Anaheim,Maryland,92804,4201811303,4201811303,12000,11,null,1,Jaxon,Mitchell
15296,Maverick,Theodore,Carter,4 Madison Avenue,Chicago,Illinois,60632,5587799447,5587799447,39000,7,null,2,Maverick,Carter
74819,Josiah,Aiden,Roberts,6 Meadow Lane,Staten Island,New York,10314,1090317173,1090317173,25000,9,null,3,Josiah,Roberts
90192,Olivia,Amara,Gomez,7 Spruce Street,Brooklyn,New York,11219,1527579096,1527579096,30000,10,null,4,Olivia,Gomez
32066,Emma,Arabella,Phillips,7 Grove Street,Dallas,Texas,75217,7842292766,7842292766,72000,8,null,3,Emma,Phillips
29720,Ava,Aurelia,Evans,4 Ridge Road,Lawrenceville,Kansas,30044,8958262427,8958262427,23000,21,null,1,Ava,Evans
28384,Charlotte,Eloise,Turner,9 5th Street,San Diego,California,92154,9675605560,9675605560,78000,18,null,4,Charlotte,Turner
40302,Sophia,Hayden,Diaz,2 Pearl Street,Cypress,Nevada,77429,6907667737,6907667737,62000,4,null,1,Sophia,Diaz
65577,Amelia,Imogen,Parker,2 Lincoln Street,Brooklyn,New York,11206,5704181974,5704181974,42000,2,null,3,Amelia,Parker
22939,Isabella,Kai,Cruz,9 Madison Street,Santa Ana,New Mexico,92704,4416064581,4416064581,78000,1,null,3,Isabella,Cruz
33928,Mia,Lyla,Edwards,3 Dogwood Drive,Chicago,Illinois,60639,4213695504,4213695504,26000,21,null,1,Mia,Edwards
40177,Evelyn,Maeve,Collins,7 Lincoln Avenue,League City,New Jersey,77573,6552974433,6552974433,82000,11,null,2,Evelyn,Collins
29053,Harper,Malia,Reyes,4 Pennsylvania Avenue,Chicago,Illinois,60647,9838797362,9838797362,12000,6,null,1,Harper,Reyes
58013,Camila,Millie,Stewart,9 Pleasant Street,Summerville,South Carolina,29483,3984338310,3984338310,59000,25,null,3,Camila,Stewart
83854,Gianna,Noelle,Morris,3 4th Street,Watsonville,North Carolina,95076,5904070135,5904070135,89000,20,null,4,Gianna,Morris
74850,Abigail,Ophelia,Morales,3 Adams Street,Bakersfield,Indiana,93307,4796812743,4796812743,78000,2,null,1,Abigail,Morales
18997,Luna,Parker,Murphy,2 Jefferson Avenue,Brooklyn,New York,11230,4515404537,4515404537,75000,23,null,1,Luna,Murphy
35791,Ella,Remi,Cook,5 3rd Street,Rialto,New Mexico,92376,6940232971,6940232971,55000,5,null,2,Ella,Cook
21195,Elizabeth,Reese,Rogers,2 7th Street,Bronx,New York,10458,3117763225,3117763225,43000,2,null,3,Elizabeth,Rogers
92967,Sofia,River,Gutierrez,7 Academy Street,La Puente,Arizona,91744,5715294589,5715294589,26000,7,null,4,Sofia,Gutierrez
79549,Emily,Rose,Ortiz,5 11th Street,Temecula,Florida,92592,5959195914,5959195914,75000,1,null,1,Emily,Ortiz
94423,Avery,Rowan,Morgan,2 2nd Avenue,San Francisco,California,94112,9392910452,9392910452,38000,3,null,2,Avery,Morgan
69674,Mila,Rylee,Cooper,7 East Street,Oxnard,California,93033,8628088035,8628088035,86000,8,null,3,Mila,Cooper
34269,Scarlett,Alessia,Peterson,6 Green Street,Fresno,California,93722,9892372688,9892372688,10000,15,null,1,Scarlett,Peterson
11511,Eleanor,Alma,Bailey,3 Hickory Lane,Fresno,California,93727,3700927195,3700927195,85000,25,null,3,Eleanor,Bailey
80656,Madison,Astrid,Reed,7 Route 1,El Paso,Texas,79938,5961539551,5961539551,67000,22,null,2,Madison,Reed
57730,Layla,Dulce,Kelly,2 Summit Avenue,Chula Vista,Texas,91911,3342381967,3342381967,25000,25,null,1,Layla,Kelly
17644,Penelope,Estella,Howard,9 Virginia Avenue,Woodside,Illinois,11377,6394165590,6394165590,24000,22,null,3,Penelope,Howard
21794,Aria,Freya,Ramos,6 12th Street,Chicago,Illinois,60617,3390675163,3390675163,91000,14,null,4,Aria,Ramos
91576,Chloe,Giovanna,Kim,5 5th Avenue,Brooklyn,New York,11221,7293831551,7293831551,74000,17,null,1,Chloe,Kim
64898,Grace,Khalani,Cox,5 6th Street,Brooklyn,New York,11229,5072669905,5072669905,37000,19,null,2,Grace,Cox
47458,Ellie,Mila,Ward,7 9th Street,San Marcos,Arizona,78666,3463614826,3463614826,89000,4,null,2,Ellie,Ward
28249,Nora,Yara,Richardson,3 Charles Street,San Diego,California,92126,5218428371,5218428371,74000,10,null,1,Nora,Richardson
15281,Hazel,Olivia,Watson,5 Cherry Lane,Cicero,Texas,60804,1784794340,1784794340,70000,19,null,2,Hazel,Watson
81900,Zoey,Emma,Brooks,3 Elizabeth Street,Woodbridge,Virgina,22193,8929168911,8929168911,93000,4,null,3,Zoey,Brooks
82195,Riley,Ava,Chavez,2 Hill Street,Hesperia,New York,92345,7471909974,7471909974,43000,10,null,4,Riley,Chavez
98548,Victoria,Charlotte,Wood,8 River Street,Cedar Park,Michigan,78613,2443893897,2443893897,23000,11,null,1,Victoria,Wood
84484,Lily,Sophia,James,5 10th Street,Reseda,Oklahoma,91335,9787029827,9787029827,11000,24,null,2,Lily,James
39414,Aurora,Amelia,Bennet,3 Colonial Drive,Olathe,Oregon,66062,9452801352,9452801352,73000,25,null,1,Aurora,Bennet
96343,Violet,Isabella,Gray,6 Monroe Street,Bronx,New York,10453,6001013566,6001013566,47000,2,null,4,Violet,Gray
46813,Nova,Mia,Mendoza,8 Valley Road,Brooklyn,New York,11223,7859449009,7859449009,54000,14,null,1,Nova,Mendoza
97341,Hannah,Evelyn,Ruiz,10 Winding Way,Riverside,Maryland,92509,3848030931,3848030931,59000,21,null,2,Hannah,Ruiz
48693,Emilia,Harper,Hughes,6 1st Avenue,Spring,Maryland,77379,5252711621,5252711621,52000,14,null,3,Emilia,Hughes
49607,Zoe,Camila,Price,6 Fairway Drive,Chicago,Illinois,60623,7582000158,7582000158,74000,24,null,4,Zoe,Price
79507,Stella,Gianna,Alvarez,9 Liberty Street,Flushing,New York,11355,8680601649,8680601649,54000,15,null,1,Stella,Alvarez
45948,Everly,Abigail,Castillo,2 2nd Street,Chino Hills,Washington,91709,9066584795,9066584795,17000,13,null,2,Everly,Castillo